dz,dz,ar,ar,au,br,br,cl,cl,cn,cn,cn,co,co,do,do,eg,eg,fr,fr,de,de,gr,gr,gt,gt,hu,hu,in,id,id,it,it,jp,jp,ke,kr,kr,my,my,my,mx,mx,ma,ma,ng,pe,pe,ph,ph,pl,pl,ro,ro,ru,ru,sa,sa,sg,sg,sg,za,es,es,se,se,ch,ch,ch,ch,tw,tw,tw,th,th,tr,tr,ae,ae,ua,ua,us,vn,vn
en,ar,en,es,en,en,pt,en,es,en,zh-CN,zh-TW,en,es,en,es,en,ar,en,fr,en,de,en,el,en,es,en,hu,en,en,id,en,it,en,ja,en,en,ko,en,ms,zh-CN,en,es,en,ar,en,en,es,en,tl,en,pl,en,ro,en,ru,en,ar,en,ms,zh-CN,en,en,es,en,sv,en,de_ch,fr,it,en,zh-TW,ch-CN,en,th,en,tr,en,ar,en,uk,en,en,vi
Adrar,ولاية أدرا,Buenos Aires,Buenos Aires,Ashmore and Cartier Islands,Acre,Acre,Antofagasta,Antofagasta,Anhui,安徽|安徽,安徽|安徽,Amazonas,Amazonas,Azua,Azua,Ad Daqahliyah,الدقهلية,Auvergne-Rhône-Alpes,Auvergne-Rhône-Alpes,Baden-Württemberg,Baden-Württemberg,Aegean,Αιγαίο,Alta Verapaz,Alta Verapaz,Bács-Kiskun,Bács-Kiskun,Andaman and Nicobar,Aceh,Aceh,Abruzzo,Abruzzo,Aichi,愛知県,Baringo,Busan,부산광역시,Johor,Johor,柔佛,Aguascalientes,Aguascalientes,Chaouia - Ouardigha,الشاوية - ورديغة,Abia,Amazonas,Amazonas,Abra,Abra,Dolnośląskie,Dolnośląskie,Alba,Alba,Adygey,Республика Адыгея,Asir,عَسِيرٌ,Central,Central,中区,Eastern Cape,Andalucía,Andalucía,Blekinge,Blekinge,Aargau,Aargau,Aargau,Aargau,Kaohsiung,高雄,高雄,Amnat Charoen,จังหวัดอำนาจเจริญ,Adana,Adana,Abu Dhabi,إمارة أبوظبي,Cherkasy,Черкаська,Alabama,An Giang,An Giang
Aïn Defla,ولاية عين الدفلى,Catamarca,Catamarca,Australian Capital Territory,Alagoas,Alagoas,Araucanía,Araucanía,Beijing,北京|北京,北京|北京,Antioquia,Antioquia,Bahoruco,Bahoruco,Al Bahr al Ahmar,محافظة البحر الأحمر,Bourgogne-Franche-Comté,Bourgogne-Franche-Comté,Bavaria,Bayern,Athos,Άθως,Baja Verapaz,Baja Verapaz,Baranya,Baranya,Andhra Pradesh,Bali,Bali,Apulia,Apulia,Akita,秋田県,Bomet,Chungcheongbuk-do,충청북도,Kedah,Kedah,吉打,Baja California,Baja California,Doukkala - Abda,الدكالة - أبْداء,Adamawa,Ancash,Ancash,Agusan del Norte,Agusan del Norte,Kujawsko-Pomorskie,Kujawsko-Pomorskie,Arad,Arad,Altay,Алтайский край,Al Bahah,ٱلْبَاحَة‎,East,Timur,东区,Free State,Aragón,Aragón,Dalarna,Dalarna,Appenzell Ausserrhoden,Appenzell Ausserrhoden,Appenzell Ausserrhoden,Appenzell Ausserrhoden,New Taipei,新北,新北,Ang Thong,จังหวัดอ่างทอง,Adiyaman,Adiyaman,Ajman,عجمان,Chernihiv,Чернігівська,Alaska,Bà Rịa - Vũng Tàu,Bà Rịa - Vũng Tàu
Aïn Témouchent,ولاية عين تموشنت,Chaco,Chaco,Coral Sea Islands Territory,Amapá,Amapá,Arica y Parinacota,Arica y Parinacota,Chongqing,重慶|重庆,重慶|重慶,Arauca,Arauca,Barahona,Barahona,Al Buhayrah,البحيرة,Bretagne,Bretagne,Berlin,Berlin,Attica,Αττική,Chimaltenango,Chimaltenango,Békés,Békés,Arunachal Pradesh,Bangka Belitung,Bangka Belitung,Basilicata,Basilicata,Aomori,青森県,Bungoma,Chungcheongnam-do,충청남도,Kelantan,Kelantan,吉兰丹,Baja California Sur,Baja California Sur,Fès - Boulemane,فاس - بولمان,Akwa Ibom,Apurímac,Apurímac,Agusan del Sur,Agusan del Sur,Łódzkie,Łódzkie,Argeș,Argeș,Amur,Амурская область,Al Hudud ash Shamaliyah,الحدود الشمالية,North,Utara,北区,Gauteng,Cantabria,Cantabria,Gävleborg,Gävleborg,Appenzell Innerrhoden,Appenzell Innerrhoden,Appenzell Innerrhoden,Appenzell Innerrhoden,Taichung,臺中,台中,Bangkok Metropolis,จังหวัดเชียงใหม่,Afyon,Afyon,Dubai,دبي,Chernivtsi,Чернівецька,Arizona,Bắc Giang,Bắc Giang
Alger,ولاية الجزائر,Chubut,Chubut,Jervis Bay Territory,Amazonas,Amazonas,Atacama,Atacama,Fujian,福建,福建,Atlántico,Atlántico,Dajabón,Dajabón,Al Fayyum,محافظة الفيوم,Centre-Val de Loire,Centre-Val de Loire,Brandenburg,Brandenburg,Crete,Κρήτη,Chiquimula,Chiquimula,Borsod-Abaúj-Zemplén,Borsod-Abaúj-Zemplén,Assam,Banten,Banten,Calabria,Calabria,Chiba,千葉県,Busia,Daegu,대구광역시,Kuala Lumpur,Kuala Lumpur,吉隆坡,Campeche,Campeche,Gharb - Chrarda - Béni Hssen,غرب - شراط - بني حسن,Anambra,Arequipa,Arequipa,Aklan,Aklan,Lubelskie,Lubelskie,Bacău,Bacău,Arkhangel'sk,Архангельская область,Al Jawf,منطقة الجوف,North-East,Timur Laut,东北区,KwaZulu-Natal,Castilla-La Mancha,Castilla-La Mancha,Gotland,Gotland,Basel-Landschaft,Basel-Landschaft,Basel-Landschaft,Basel-Landschaft,Tainan,臺南,台南,Bueng Kan,บึงกาฬ,Agri,Agri,Fujairah,الفجيرة,Crimea,Крим,Arkansas,Bắc Kạn,Bắc Kạn
Annaba,ولاية عنابة,Ciudad de Buenos Aires,Ciudad de Buenos Aires,New South Wales,Bahia,Bahia,Aysén del General Ibañez del Cam,Aysén del General Ibañez del Cam,Gansu,甘肅|甘肃,甘肅|甘肅,Bogotá D.C.,Bogotá D.C.,Distrito Nacional,Distrito Nacional,Al Gharbiyah,محافظة الغربية,Corsica,Corse,Bremen,Bremen,Epirus and Western Macedonia,Ήπειρος και Δυτική Μακεδονία,El Progreso,El Progreso,Budapest,Budapest,Bihar,Bengkulu,Bengkulu,Campania,Campania,Ehime,愛媛県,Elgeyo-Marakwet,Daejeon,대전광역시,Labuan,Labuan,纳闽,Chiapas,Chiapas,Grand Casablanca,الدار البيضاء الكبرى,Bauchi,Ayacucho,Ayacucho,Albay,Albay,Lubuskie,Lubuskie,Bihor,Bihor,Astrakhan',Астраханская область,Al Madinah,المدينة,West,Barat,西区,Limpopo,Castilla y León,Castilla y León,Halland,Halland,Basel-Stadt,Basel-Stadt,Basel-Stadt,Basel-Stadt,Taipei,臺北,台北,Buri Ram,จังหวัดบุรีรัมย์,Aksaray,Aksaray,Ras Al-Khaimah,رأس الخيمة,Dnipropetrovs'k,Дніпропетро́вська,California,Bạc Liêu,Bạc Liêu
Batna,ولاية باتنة,Córdoba,Córdoba,Northern Territory,Ceará,Ceará,Bío-Bío,Bío-Bío,Guangdong,廣東|广东,廣東|廣東,Bolívar,Bolívar,Duarte,Duarte,Al Iskandariyah,محافظة الإسكندرية,Grand Est,Grand Est,Hamburg,Hamburg,Macedonia and Thrace,Μακεδονία και Θράκη,Escuintla,Escuintla,Csongrád,Csongrád,Chandigarh,Gorontalo,Gorontalo,Emilia-Romagna,Emilia-Romagna,Fukui,福井県,Embu,Gangwon-do,강원도,Melaka,Melaka,马六甲,Chihuahua,Chihuahua,Guelmim - Es-Semara,كلميم - السمارة,Bayelsa,Cajamarca,Cajamarca,Antique,Antique,Małopolskie,Małopolskie,Bistrița-Năsăud,Bistrița-Năsăud,Bashkortostan,Республика Башкортостан,Al Qassim,القصيم‎,,,,Mpumalanga,Cataluña,Cataluña,Jämtland,Jämtland,Bern,Bern,Bern,Bern,"Fujian (Kinmen, Matsu, Wuqiu islands)",福建（金門、馬祖、龜屿群島）,福建（金门、马祖、龟屿群岛）,Chachoengsao,จังหวัดฉะเชิงเทรา,Amasya,Amasya,Sharjah,الشارقة,Donets'k,Доне́цька,Colorado,Bắc Ninh,Bắc Ninh
Béchar,ولاية بشار,Corrientes,Corrientes,Queensland,Distrito Federal,Distrito Federal,Coquimbo,Coquimbo,Guangxi,廣西壯族自治區|广西壮族自治区,廣西壯族自治區|廣西壯族自治區,Boyacá,Boyacá,El Seybo,El Seybo,Al Isma`iliyah,محافظة الإسماعيلية,Hauts-de-France,Hauts-de-France,Hesse,Hessen,"Peloponnese, Western Greece and","Πελοπόννησος, Δυτική Ελλάδα και",Guatemala,Guatemala,Fejér,Fejér,Chhattisgarh,Jakarta Raya,Jakarta Raya,Friuli-Venezia Giulia,Friuli-Venezia Giulia,Fukuoka,福岡県,Garissa,Gwangju,광주광역시,Negeri Sembilan,Negeri Sembilan,森美兰,Coahuila,Coahuila,Laâyoune - Boujdour - Sakia El H,العيون - بوجدور - الساقية الحمراء,Benue,Callao,Callao,Apayao,Apayao,Mazowieckie,Mazowieckie,Botoșani,Botoșani,Belgorod,Белгородская область,Ar Riyad,الرياض‎,,,,North West,Ceuta y Melilla,Ceuta y Melilla,Jönköping,Jönköping,Fribourg,Fribourg,Fribourg,Fribourg,,,,Chai Nat,จังหวัดชัยนาท,Ankara,Ankara,Umm al-Qaywayn,أم القيوين,Ivano-Frankivs'k,Івано-Франківська,Connecticut,Bến Tre,Bến Tre
Béjaïa,بجاية,Entre Ríos,Entre Ríos,South Australia,Espírito Santo,Espírito Santo,Libertador General Bernardo O'Hi,Libertador General Bernardo O'Hi,Guizhou,貴州|贵州,貴州|貴州,Caldas,Caldas,Espaillat,Espaillat,Al Jizah,الجيزة,Île-de-France,Île-de-France,Mecklenburg-West Pomerania,Mecklenburg-Vorpommern,Thessaly and Central Greece,Θεσσαλία και Στερεά Ελλάδα,Huehuetenango,Huehuetenango,Gyor-Moson-Sopron,Gyor-Moson-Sopron,Dadra and Nagar Haveli,Jambi,Jambi,Lazio,Lazio,Fukushima,福島県,Homa Bay,Gyeonggi-do,경기도,Pahang,Pahang,彭亨,Colima,Colima,Marrakech - Tensift - Al Haouz,مراكش - تانسيفت - الحوز,Borno,Cusco,Cusco,Aurora,Aurora,Opolskie,Opolskie,Brăila,Brăila,Bryansk,Брянская область,Ash-Sharqīyah,الشرقية‎,,,,Northern Cape,Comunidad de Madrid,Comunidad de Madrid,Kalmar,Kalmar,Genève,Genève,Genève,Genève,,,,Chaiyaphum,จังหวัดชัยนาท,Antalya,Antalya,,,Kharkiv,Харківська,Delaware,Bình Định,Bình Định
Biskra,ولاية بسكرة,Formosa,Formosa,Tasmania,Goiás,Goiás,Los Lagos,Los Lagos,Hainan,海南,海南,Caquetá,Caquetá,Hato Mayor,Hato Mayor,Al Minufiyah,محافظة المنوفية,Normandie,Normandie,Lower Saxony,Niedersachsen,,,Izabal,Izabal,Hajdú-Bihar,Hajdú-Bihar,Daman and Diu,Jawa Barat,Jawa Barat,Liguria,Liguria,Gifu,岐阜県,Isiolo,Gyeongsangbuk-do,경상북도,Perak,Perak,霹雳,Distrito Federal,Distrito Federal,Meknès - Tafilalet,مكناس - تافيلالت,Cross River,Huancavelica,Huancavelica,Basilan,Basilan,Podkarpackie,Podkarpackie,Brașov,Brașov,Buryat,Республика Бурятия,Ḥaʼil,حَائِل‎,,,,Western Cape,Comunidad Foral de Navarra,Comunidad Foral de Navarra,Kronoberg,Kronoberg,Glarus,Glarus,Glarus,Glarus,,,,Chanthaburi,จันทบุรี,Ardahan,Ardahan,,,Kherson,Херсонська,District of Columbia,Bình Dương,Bình Dương
Blida,البليدة,Jujuy,Jujuy,Victoria,Maranhão,Maranhão,Los Ríos,Los Ríos,Hebei,河北,河北,Casanare,Casanare,Independencia,Independencia,Al Minya,المنيا,Nouvelle-Aquitaine,Nouvelle-Aquitaine,North Rhine-Westphalia,Nordrhein-Westfalen,,,Jalapa,Jalapa,Heves,Heves,Goa,Jawa Tengah,Jawa Tengah,Lombardia,Lombardia,Gunma,群馬県,Kajiado,Gyeongsangnam-do,경상남도,Perlis,Perlis,玻璃市,Durango,Durango,Oriental,الشرق,Delta,Huánuco,Huánuco,Bataan,Bataan,Podlaskie,Podlaskie,Bucharest,Bucharest,Chechnya,Республика Чечено-Ингушская,Jizan,جيزان‎,,,,,Comunidad Valenciana,Comunidad Valenciana,Norrbotten,Norrbotten,Graubünden,Graubünden,Graubünden,Graubünden,,,,Chiang Mai,จังหวัดเชียงใหม่,Artvin,Artvin,,,Khmel'nyts'kyy,Хмельницька,Florida,Bình Phước,Bình Phước
Bordj Bou Arréridj,ولاية برج بوعريريج,La Pampa,La Pampa,Western Australia,Mato Grosso,Mato Grosso,Magallanes y Antártica Chilena,Magallanes y Antártica Chilena,Heilongjiang,黑龙江省|黑龍江省,黑龍江省|黑龍江省,Cauca,Cauca,La Altagracia,La Altagracia,Al Qahirah,القاهرة,Occitanie,Occitanie,Rhineland-Palatinate,Rheinland-Pfalz,,,Jutiapa,Jutiapa,Jász-Nagykun-Szolnok,Jász-Nagykun-Szolnok,Gujarat,Jawa Timur,Jawa Timur,Marche,Marche,Hiroshima,広島県,Kakamega,Incheon,인천광역시,Pulau Pinang,Pulau Pinang,槟城,Guanajuato,Guanajuato,Rabat - Salé - Zemmour - Zaer,الرباط - سلا - زمور - زعير,Ebonyi,Ica,Ica,Batanes,Batanes,Pomorskie,Pomorskie,Buzău,Buzău,Chelyabinsk,Челябинская область,Makkah,مَكَّة‎,,,,,Extremadura,Extremadura,Orebro,Orebro,Jura,Jura,Jura,Jura,,,,Chiang Rai,จังหวัดเชียงราย,Aydin,Aydin,,,Kiev,Київська,Georgia,Bình Thuận,Bình Thuận
Bouira,ولاية البويرة,La Rioja,La Rioja,,Mato Grosso do Sul,Mato Grosso do Sul,Maule,Maule,Henan,河南,河南,Cesar,Cesar,La Estrelleta,La Estrelleta,Al Qalyubiyah,محافظة القليوبية,Pays de la Loire,Pays de la Loire,Saarland,Saarland,,,Petén,Petén,Komárom-Esztergom,Komárom-Esztergom,Haryana,Kalimantan Barat,Kalimantan Barat,Molise,Molise,Hokkaido,北海道,Kericho,Jeju,제주특별자치도,Putrajaya,Putrajaya,布城,Guerrero,Guerrero,Souss - Massa - Draâ,سوس - ماسة - درعة,Edo,Junín,Junín,Batangas,Batangas,Śląskie,Śląskie,Călărași,Călărași,Chukot,Чукотский АОк,Najran,نجران‎,,,,,Galicia,Galicia,Östergötland,Östergötland,Lucerne,Lucerne,Lucerne,Lucerne,,,,Chon Buri,จังหวัดชลบุรี,Balikesir,Balikesir,,,Kiev City,Київ,Hawaii,Cà Mau,Cà Mau
Boumerdès,ولاية بومرداس,Mendoza,Mendoza,,Minas Gerais,Minas Gerais,Ñuble,Ñuble,Hong Kong,香港,香港,Chocó,Chocó,La Romana,La Romana,Al Uqsur,الأقصر,Provence-Alpes-Côte d'Azur,Provence-Alpes-Côte d'Azur,Saxony,Sachsen,,,Quezaltenango,Quezaltenango,Nógrád,Nógrád,Himachal Pradesh,Kalimantan Selatan,Kalimantan Selatan,Piemonte,Piemonte,Hyōgo,兵庫県,Kiambu,Jeollabuk-do,전라북도,Sabah,Sabah,沙巴,Hidalgo,Hidalgo,Tadla - Azilal,تادلة - أزيلال,Ekiti,La Libertad,La Libertad,Benguet,Benguet,Świętokrzyskie,Świętokrzyskie,Caraș-Severin,Caraș-Severin,Chuvash,Чувашская Республика,Tabuk,تَبُوْك‎,,,,,Islas Baleares,Islas Baleares,Skåne,Skåne,Neuchâtel,Neuchâtel,Neuchâtel,Neuchâtel,,,,Chumphon,จังหวัดชุมพร,Bartın,Bartın,,,Kirovohrad,Кіровоградська,Idaho,Cần Thơ,Cần Thơ
Chlef,ولاية الشلف,Misiones,Misiones,,Pará,Pará,Santiago Metropolitan,Santiago Metropolitan,Hubei,湖北,湖北,Córdoba,Córdoba,La Vega,La Vega,Al Wadi al Jadid,محافظة الوادي الجديد‎,,,Saxony-Anhalt,Sachsen-Anhalt,,,Quiché,Quiché,Pest,Pest,Jharkhand,Kalimantan Tengah,Kalimantan Tengah,Sardegna,Sardegna,Ibaraki,茨城県,Kilifi,Jeollanam-do,전라남도,Sarawak,Sarawak,砂拉越,Jalisco,Jalisco,Tanger - Tétouan,طنجة - تطوان,Enugu,Lambayeque,Lambayeque,Biliran,Biliran,Warmińsko-Mazurskie,Warmińsko-Mazurskie,Cluj,Cluj,City of St. Petersburg,Санкт-Петербург (горсовет),,,,,,,Islas Canarias,Islas Canarias,Södermanland,Södermanland,Nidwalden,Nidwalden,Nidwalden,Nidwalden,,,,Kalasin,จังหวัดกาฬสินธุ์,Batman,Batman,,,L'viv,Львів,Illinois,Cao Bằng,Cao Bằng
Constantine,قسنطينة,Neuquén,Neuquén,,Paraíba,Paraíba,Tarapacá,Tarapacá,Hunan,湖南,湖南,Cundinamarca,Cundinamarca,María Trinidad Sánchez,María Trinidad Sánchez,As Suways,محافظة السويس,,,Schleswig-Holstein,Schleswig-Holstein,,,Retalhuleu,Retalhuleu,Somogy,Somogy,Karnataka,Kalimantan Timur,Kalimantan Timur,Sicily,Sicily,Ishikawa,石川県,Kirinyaga,Sejong,세종특별자치시,Selangor,Selangor,雪兰莪,México,México,Taza - Al Hoceima - Taounate,تازة - الحسيمة - تاونات,Federal Capital Territory (Abuja),Lima,Lima,Bohol,Bohol,Wielkopolskie,Wielkopolskie,Constanța,Constanța,Dagestan,Республика Дагестан,,,,,,,La Rioja,La Rioja,Stockholm,Stockholm,Obwalden,Obwalden,Obwalden,Obwalden,,,,Kamphaeng Phet,จังหวัดกำแพงเพชร,Bayburt,Bayburt,,,Luhans'k,Луганська,Indiana,Đà Nẵng,Đà Nẵng
Djelfa,ولاية الجلفة,Río Negro,Río Negro,,Paraná,Paraná,Valparaíso,Valparaíso,Jiangsu,江蘇|江苏,江蘇|江蘇,Guainía,Guainía,Monseñor Nouel,Monseñor Nouel,Ash Sharqiyah,محافظة الشرقية‎,,,Thuringia,Thüringen,,,Sacatepéquez,Sacatepéquez,Szabolcs-Szatmár-Bereg,Szabolcs-Szatmár-Bereg,Kerala,Kalimantan Utara,Kalimantan Utara,Toscana,Toscana,Iwate,岩手県,Kisii,Seoul,서울특별시,Trengganu,Trengganu,登嘉楼,Michoacán,Michoacán,,,Gombe,Lima Province,Lima Province,Bukidnon,Bukidnon,Zachodniopomorskie,Zachodniopomorskie,Covasna,Covasna,Gorno-Altay,Республика Алтай,,,,,,,País Vasco,País Vasco,Uppsala,Uppsala,Sankt Gallen,Sankt Gallen,Sankt Gallen,Sankt Gallen,,,,Kanchanaburi,อำเภอเมืองกาญจนบุรี,Bilecik,Bilecik,,,Mykolayiv,Миколаївська,Iowa,Đắk Lắk,Đắk Lắk
El Bayadh,ولاية البيض,Salta,Salta,,Pernambuco,Pernambuco,,,Jiangxi,江西,江西,Guaviare,Guaviare,Monte Cristi,Monte Cristi,Aswan,محافظة أسوان,,,,,,,San Marcos,San Marcos,Tolna,Tolna,Lakshadweep,Kepulauan Riau,Kepulauan Riau,Trentino-Alto Adige,Trentino-Alto Adige,Kagawa,香川県,Kisumu,Ulsan,울산광역시,,,,Morelos,Morelos,,,Imo,Loreto,Loreto,Bulacan,Bulacan,,,Dâmbovița,Dâmbovița,Ingush,Респу́блика Ингуше́тия,,,,,,,Principado de Asturias,Principado de Asturias,Värmland,Värmland,Schaffhausen,Schaffhausen,Schaffhausen,Schaffhausen,,,,Khon Kaen,จังหวัดขอนแก่น,Bingöl,Bingöl,,,Odessa,Одеська,Kansas,Đắk Nông,Đắk Nông
El Oued,ولاية الوادي,San Juan,San Juan,,Piauí,Piauí,,,Jilin,吉林,吉林,Huila,Huila,Monte Plata,Monte Plata,Asyut,أسيوط,,,,,,,Santa Rosa,Santa Rosa,Vas,Vas,Madhya Pradesh,Lampung,Lampung,Umbria,Umbria,Kagoshima,鹿児島県,Kitui,,,,,,Nayarit,Nayarit,,,Jigawa,Madre de Dios,Madre de Dios,Cagayan,Cagayan,,,Dolj,Dolj,Irkutsk,Иркутская область,,,,,,,Región de Murcia,Región de Murcia,Västerbotten,Västerbotten,Schwyz,Schwyz,Schwyz,Schwyz,,,,Krabi,จังหวัดกระบี่,Bitlis,Bitlis,,,Poltava,Полтавська,Kentucky,Điện Biên,Điện Biên
El Tarf,ولاية الطارف,San Luis,San Luis,,Rio de Janeiro,Rio de Janeiro,,,Liaoning,遼寧|辽宁,遼寧|遼寧,La Guajira,La Guajira,Pedernales,Pedernales,Bani Suwayf,محافظة بنى سويف,,,,,,,Sololá,Sololá,Veszprém,Veszprém,Maharashtra,Maluku,Maluku,Valle d'Aosta,Valle d'Aosta,Kanagawa,神奈川県,Kwale,,,,,,Nuevo León,Nuevo León,,,Kaduna,Moquegua,Moquegua,Camarines Norte,Camarines Norte,,,Galați,Galați,Ivanovo,Ивановская область,,,,,,,,,Västernorrland,Västernorrland,Solothurn,Solothurn,Solothurn,Solothurn,,,,Lampang,จังหวัดลำปาง,Bolu,Bolu,,,Rivne,Рівненська,Louisiana,Đồng Nai,Đồng Nai
Ghardaïa,ولاية غرداية,Santa Cruz,Santa Cruz,,Rio Grande do Norte,Rio Grande do Norte,,,Macau,澳门,澳門,Magdalena,Magdalena,Peravia,Peravia,Bur Sa`id,محافظة بورسعيد,,,,,,,Suchitepéquez,Suchitepéquez,Zala,Zala,Manipur,Maluku Utara,Maluku Utara,Veneto,Veneto,Kochi,高知県,Laikipia,,Johor,,,,Oaxaca,Oaxaca,,,Kano,Pasco,Pasco,Camarines Sur,Camarines Sur,,,Giurgiu,Giurgiu,Kabardin-Balkar,Кабардино-Балкарская Республика,,,,,,,,,Västmanland,Västmanland,Thurgau,Thurgau,Thurgau,Thurgau,,,,Lamphun,จังหวัดลำพูน,Burdur,Burdur,,,Sevastopol',Севастополь,Maine,Đồng Tháp,Đồng Tháp
Guelma,ولاية قالمة,Santa Fe,Santa Fe,,Rio Grande do Sul,Rio Grande do Sul,,,Nei Mongol,內蒙古自治區|内蒙古自治区,內蒙古自治區|內蒙古自治區,Meta,Meta,Puerto Plata,Puerto Plata,Dumyat,دمياط,,,,,,,Totonicapán,Totonicapán,,,Meghalaya,Nusa Tenggara Barat,Nusa Tenggara Barat,,,Kumamoto,熊本県,Lamu,,Kedah,,,,Puebla,Puebla,,,Katsina,Piura,Piura,Camiguin,Camiguin,,,Gorj,Gorj,Kaliningrad,Калининградская область,,,,,,,,,Västra Götaland,Västra Götaland,Ticino,Ticino,Ticino,Ticino,,,,Loei,จังหวัดเลย,Bursa,Bursa,,,Sumy,Сумська,Maryland,Gia Lai,Gia Lai
Illizi,ولاية اليزي,Santiago del Estero,Santiago del Estero,,Rondônia,Rondônia,,,Ningxia Hui,寧夏回族自治區|宁夏回族自治区,寧夏回族自治區|寧夏回族自治區,Nariño,Nariño,Salcedo,Salcedo,Janub Sina',محافظة جنوب سيناء,,,,,,,Zacapa,Zacapa,,,Mizoram,Nusa Tenggara Timur,Nusa Tenggara Timur,,,Kyoto,京都府,Machakos,,Kelantan,,,,Querétaro,Querétaro,,,Kebbi,Puno,Puno,Capiz,Capiz,,,Harghita,Harghita,Kalmyk,Республика Калмыкия,,,,,,,,,,,Uri,Uri,Uri,Uri,,,,Lop Buri,ลพบุรี,Çanakkale,Çanakkale,,,Ternopil',Тернопільська,Massachusetts,Hà Giang,Hà Giang
Jijel,ولاية جيجل,Tierra del Fuego,Tierra del Fuego,,Roraima,Roraima,,,Qinghai,青海,青海,Norte de Santander,Norte de Santander,Samaná,Samaná,Kafr ash Shaykh,محافظة كفر الشيخ,,,,,,,,,,,Nagaland,Papua,Papua,,,Mie,三重県,Makueni,,Kuala Lumpur,,,,Quintana Roo,Quintana Roo,,,Kogi,San Martín,San Martín,Catanduanes,Catanduanes,,,Hunedoara,Hunedoara,Kaluga,Калужская область,,,,,,,,,,,Valais,Valais,Valais,Valais,,,,Mae Hong Son,จังหวัดแม่ฮ่องสอน,Çankiri,Çankiri,,,Vinnytsya,Вінницька,Michigan,Hà Nam,Hà Nam
Khenchela,ولاية خنشلة,Tucumán,Tucumán,,Santa Catarina,Santa Catarina,,,Shaanxi,陝西|陕西,陝西|陝西,Putumayo,Putumayo,San Cristóbal,San Cristóbal,Matrouh,محافظة مطروح,,,,,,,,,,,NCT of Delhi,Papua Barat,Papua Barat,,,Miyagi,宮城県,Mandera,,Labuan,,,,San Luis Potosí,San Luis Potosí,,,Kwara,Tacna,Tacna,Cavite,Cavite,,,Ialomița,Ialomița,Kamchatka,Камчатская край,,,,,,,,,,,Vaud,Vaud,Vaud,Vaud,,,,Maha Sarakham,จังหวัดมหาสารคาม,Çorum,Çorum,,,Volyn,Волинська,Minnesota,Hà Nội,Hà Nội
Laghouat,ولاية الأغواط,,,,São Paulo,São Paulo,,,Shandong,山東|山东,山東|山東,Quindío,Quindío,San José de Ocoa,San José de Ocoa,Qina,محافظة قنا,,,,,,,,,,,Odisha,Riau,Riau,,,Miyazaki,宮崎県,Marsabit,,Melaka,,,,Sinaloa,Sinaloa,,,Lagos,Tumbes,Tumbes,Cebu,Cebu,,,Iași,Iași,Karachay-Cherkess,Карачаево-Черкессия Республика,,,,,,,,,,,Zug,Zug,Zug,Zug,,,,Mukdahan,จังหวัดมุกดาหาร,Denizli,Denizli,,,Zakarpattia,Закарпатська,Mississippi,Hà Tĩnh,Hà Tĩnh
M'Sila,ولاية المسيلة,,,,Sergipe,Sergipe,,,Shanghai,上海|上海,上海|上海,Risaralda,Risaralda,San Juan,San Juan,Shamal Sina',محافظة شمال سيناء,,,,,,,,,,,Puducherry,Sulawesi Barat,Sulawesi Barat,,,Nagano,長野県,Meru,,Negeri Sembilan,,,,Sonora,Sonora,,,Nasarawa,Ucayali,Ucayali,Compostela Valley,Compostela Valley,,,Ilfov,Ilfov,Karelia,Республика Карелия,,,,,,,,,,,Zürich,Zürich,Zürich,Zürich,,,,Nakhon Nayok,จังหวัดนครนายก,Diyarbakir,Diyarbakir,,,Zaporizhia,Запорізька,Missouri,Hải Dương,Hải Dương
Mascara,ولاية معسكر,,,,Tocantins,Tocantins,,,Shanxi,山西,山西,San Andrés y Providencia,San Andrés y Providencia,San Pedro de Macorís,San Pedro de Macorís,Suhaj,سوهاج,,,,,,,,,,,Punjab,Sulawesi Selatan,Sulawesi Selatan,,,Naoasaki,長崎県,Migori,,Pahang,,,,Tabasco,Tabasco,,,Niger,,,Davao del Norte,Davao del Norte,,,Maramureș,Maramureș,Kemerovo,Кемеровская область,,,,,,,,,,,,,,,,,,Nakhon Pathom,อำเภอเมืองนครปฐม,Düzce,Düzce,,,Zhytomyr,Житомирська,Montana,Hải Phòng,Hải Phòng
Médéa,ولاية المدية,,,,,,,,Sichuan,四川,四川,Santander,Santander,Sánchez Ramírez,Sánchez Ramírez,,,,,,,,,,,,,Rajasthan,Sulawesi Tengah,Sulawesi Tengah,,,Nara,奈良県,Mombasa,,Perak,,,,Tamaulipas,Tamaulipas,,,Ogun,,,Davao del Sur,Davao del Sur,,,Mehedinți,Mehedinți,Khabarovsk,Хабаровский край,,,,,,,,,,,,,,,,,,Nakhon Phanom,จังหวัดนครพนม,Edirne,Edirne,,,,,Nebraska,Hậu Giang,Hậu Giang
Mila,ولاية ميلة,,,,,,,,Tianjin,天津|天津,天津|天津,Sucre,Sucre,Santiago,Santiago,,,,,,,,,,,,,Sikkim,Sulawesi Tenggara,Sulawesi Tenggara,,,Niigata,新潟県,Murang'a,,Perlis,,,,Tlaxcala,Tlaxcala,,,Ondo,,,Davao Oriental,Davao Oriental,,,Mureș,Mureș,Khakass,Республика Хакасия,,,,,,,,,,,,,,,,,,Nakhon Ratchasima,จังหวัดนครราชสีมา,Elazığ,Elazığ,,,,,Nevada,Hồ Chí Minh,Hồ Chí Minh
Mostaganem,ولاية مستغانم,,,,,,,,Xinjiang Uygur,新疆維吾爾自治區|新疆维吾尔自治区,新疆維吾爾自治區|新疆維吾爾自治區,Tolima,Tolima,Santiago Rodríguez,Santiago Rodríguez,,,,,,,,,,,,,Tamil Nadu,Sulawesi Utara,Sulawesi Utara,,,Oita,大分県,Nairobi,,Pulau Pinang,,,,Veracruz,Veracruz,,,Osun,,,Dinagat Islands,Dinagat Islands,,,Neamț,Neamț,Khanty-Mansiy,Ханты-Мансийский АОк,,,,,,,,,,,,,,,,,,Nakhon Sawan,จังหวัดนครสวรรค์,Erzincan,Erzincan,,,,,New Hampshire,Hoà Bình,Hoà Bình
Naâma,ولاية النعامة,,,,,,,,Xizang,西藏自治區|西藏自治区,西藏自治區|西藏自治區,Valle del Cauca,Valle del Cauca,Santo Domingo,Santo Domingo,,,,,,,,,,,,,Telangana,Sumatera Barat,Sumatera Barat,,,Okayama,岡山県,Nakuru,,Putrajaya,,,,Yucatán,Yucatán,,,Oyo,,,Eastern Samar,Eastern Samar,,,Olt,Olt,Kirov,Кировская область,,,,,,,,,,,,,,,,,,Nakhon Si Thammarat,จังหวัดนครศรีธรรมราช,Erzurum,Erzurum,,,,,New Jersey,Hưng Yên,Hưng Yên
Oran,ولاية وهران,,,,,,,,Yunnan,雲南|云南,雲南|雲南,Vaupés,Vaupés,Valverde,Valverde,,,,,,,,,,,,,Tripura,Sumatera Selatan,Sumatera Selatan,,,Okinawa,沖縄県,Nandi,,Sabah,,,,Zacatecas,Zacatecas,,,Plateau,,,Guimaras,Guimaras,,,Prahova,Prahova,Komi,Республика Коми,,,,,,,,,,,,,,,,,,Nan,จังหวัดน่าน,Eskisehir,Eskisehir,,,,,New Mexico,Khánh Hòa,Khánh Hòa
Ouargla,ورقلة,,,,,,,,Zhejiang,浙江,浙江,Vichada,Vichada,,,,,,,,,,,,,,,Uttar Pradesh,Sumatera Utara,Sumatera Utara,,,Osaka,大阪府,Narok,,Sarawak,,,,,,,,Rivers,,,Ifugao,Ifugao,,,Sălaj,Sălaj,Kostroma,Костромская область,,,,,,,,,,,,,,,,,,Narathiwat,จังหวัดนราธิวาส,Gaziantep,Gaziantep,,,,,New York,Kiên Giang,Kiên Giang
Oum el Bouaghi,ولاية أم البواقي,,,,,,,,,,,,,,,,,,,,,,,,,,,Uttarakhand,Yogyakarta,Yogyakarta,,,Saga,佐賀県,Nyamira,,Selangor,,,,,,,,Sokoto,,,Ilocos Norte,Ilocos Norte,,,Satu Mare,Satu Mare,Krasnodar,Краснодарский край,,,,,,,,,,,,,,,,,,Nong Bua Lam Phu,จังหวัดหนองบัวลำภู,Giresun,Giresun,,,,,North Carolina,Kon Tum,Kon Tum
Relizane,ولاية غليزان,,,,,,,,,,,,,,,,,,,,,,,,,,,West Bengal,,,,,Saitama,埼玉県,Nyandarua,,Trengganu / Terengganu,,,,,,,,Taraba,,,Ilocos Sur,Ilocos Sur,,,Sibiu,Sibiu,Krasnoyarsk,Красноярский край,,,,,,,,,,,,,,,,,,Nong Khai,จังหวัดหนองคาย,Gümüshane,Gümüshane,,,,,North Dakota,Lai Châu,Lai Châu
Saïda,ولاية سعيدة,,,,,,,,,,,,,,,,,,,,,,,,,,,,,,,,Shiga,滋賀県,Nyeri,,,,,,,,,,Yobe,,,Iloilo,Iloilo,,,Suceava,Suceava,Kurgan,Курганская область,,,,,,,,,,,,,,,,,,Nonthaburi,จังหวัดนนทบุรี,Hakkari,Hakkari,,,,,Ohio,Lâm Đồng,Lâm Đồng
Sétif,ولاية سطيف,,,,,,,,,,,,,,,,,,,,,,,,,,,,,,,,Shimane,島根県,Samburu,,,,,,,,,,Zamfara,,,Isabela,Isabela,,,Teleorman,Teleorman,Kursk,Курская область,,,,,,,,,,,,,,,,,,Pathum Thani,จังหวัดปทุมธานี,Hatay,Hatay,,,,,Oklahoma,Lạng Sơn,Lạng Sơn
Sidi Bel Abbès,ولاية سيدي بلعباس,,,,,,,,,,,,,,,,,,,,,,,,,,,,,,,,Shizuoka,静岡県,Siaya,,,,,,,,,,,,,Kalinga,Kalinga,,,Timiș,Timiș,Leningrad,Ленинградская область,,,,,,,,,,,,,,,,,,Pattani,จังหวัดปัตตานี,Iğdır,Iğdır,,,,,Oregon,Lào Cai,Lào Cai
Skikda,سكيكدة,,,,,,,,,,,,,,,,,,,,,,,,,,,,,,,,Tochigi,栃木県,Taita Taveta,,,,,,,,,,,,,La Union,La Union,,,Tulcea,Tulcea,Lipetsk,Липецкая область,,,,,,,,,,,,,,,,,,Phangnga,จังหวัดพังงา,Isparta,Isparta,,,,,Pennsylvania,Long An,Long An
Souk Ahras,ولاية سوق أهراس,,,,,,,,,,,,,,,,,,,,,,,,,,,,,,,,Tokushima,徳島県,Tana River,,,,,,,,,,,,,Laguna,Laguna,,,Vâlcea,Vâlcea,Magadan,Магадан|Магаданская область,,,,,,,,,,,,,,,,,,Phatthalung,จังหวัดพัทลุง,Istanbul,Istanbul,,,,,Rhode Island,Nam Định,Nam Định
Tamanghasset,ولاية تمنراست,,,,,,,,,,,,,,,,,,,,,,,,,,,,,,,,Tokyo,東京都,Tharaka-Nithi,,,,,,,,,,,,,Lanao del Norte,Lanao del Norte,,,Vaslui,Vaslui,Mariy-El,Республика Марий Эл,,,,,,,,,,,,,,,,,,Phayao,จังหวัดพะเยา,Izmir,Izmir,,,,,South Carolina,Nghệ An,Nghệ An
Tébessa,ولاية تبسة,,,,,,,,,,,,,,,,,,,,,,,,,,,,,,,,Tottori,鳥取県,Trans Nzoia,,,,,,,,,,,,,Lanao del Sur,Lanao del Sur,,,Vrancea,Vrancea,Mordovia,Республика Мордовия,,,,,,,,,,,,,,,,,,Phetchabun,อำเภอเมืองเพชรบูรณ์,K. Maras,K. Maras,,,,,South Dakota,Ninh Bình,Ninh Bình
Tiaret,ولاية تيارت,,,,,,,,,,,,,,,,,,,,,,,,,,,,,,,,Toyama,富山県,Turkana,,,,,,,,,,,,,Leyte,Leyte,,,,,Moscow City,Москва-Сити,,,,,,,,,,,,,,,,,,Phetchaburi,จังหวัดเพชรบุรี,Karabük,Karabük,,,,,Tennessee,Ninh Thuận,Ninh Thuận
Tindouf,ولاية تندوف,,,,,,,,,,,,,,,,,,,,,,,,,,,,,,,,Wakayama,和歌山県,Uasin Gishu,,,,,,,,,,,,,Maguindanao,Maguindanao,,,,,Moskva,Московская область,,,,,,,,,,,,,,,,,,Phichit,จังหวัดพิจิตร,Karaman,Karaman,,,,,Texas,Phú Thọ,Phú Thọ
Tipaza,ولاية تيبازة,,,,,,,,,,,,,,,,,,,,,,,,,,,,,,,,Yamagata,山形県,Vihiga,,,,,,,,,,,,,Marinduque,Marinduque,,,,,Murmansk,Мурманская область,,,,,,,,,,,,,,,,,,Phitsanulok,จังหวัดพิษณุโลก,Kars,Kars,,,,,Utah,Phú Yên,Phú Yên
Tissemsilt,ولاية تسمسيلت,,,,,,,,,,,,,,,,,,,,,,,,,,,,,,,,Yamaguchi,山口県,Wajir,,,,,,,,,,,,,Masbate,Masbate,,,,,Nenets,Ненецкий АОк,,,,,,,,,,,,,,,,,,Phra Nakhon Si Ayutthaya,จังหวัดพระนครศรีอยุธยา,Kastamonu,Kastamonu,,,,,Vermont,Quảng Bình,Quảng Bình
Tizi Ouzou,ولاية غليزان,,,,,,,,,,,,,,,,,,,,,,,,,,,,,,,,Yamanashi,山梨県,West Pokot,,,,,,,,,,,,,Metropolitan Manila,Metropolitan Manila,,,,,Nizhegorod,Нижегородская область,,,,,,,,,,,,,,,,,,Phrae,จังหวัดแพร่,Kayseri,Kayseri,,,,,Virginia,Quảng Nam,Quảng Nam
Tlemcen,تلمسان,,,,,,,,,,,,,,,,,,,,,,,,,,,,,,,,,,,,,,,,,,,,,,,Misamis Occidental,Misamis Occidental,,,,,North Ossetia,Республика Северная Осетия-Алани,,,,,,,,,,,,,,,,,,Phuket,จังหวัดภูเก็ต,Kilis,Kilis,,,,,Washington,Quảng Ngãi,Quảng Ngãi
,,,,,,,,,,,,,,,,,,,,,,,,,,,,,,,,,,,,,,,,,,,,,,,,Misamis Oriental,Misamis Oriental,,,,,Novgorod,Новгородская область,,,,,,,,,,,,,,,,,,Prachin Buri,จังหวัดปราจีนบุรี,Kinkkale,Kinkkale,,,,,West Virginia,Quảng Ninh,Quảng Ninh
,,,,,,,,,,,,,,,,,,,,,,,,,,,,,,,,,,,,,,,,,,,,,,,,Mountain Province,Mountain Province,,,,,Novosibirsk,Новосибирская область,,,,,,,,,,,,,,,,,,Prachuap Khiri Khan,จังหวัดประจวบคีรีขันธ์,Kirklareli,Kirklareli,,,,,Wisconsin,Quảng Trị,Quảng Trị
,,,,,,,,,,,,,,,,,,,,,,,,,,,,,,,,,,,,,,,,,,,,,,,,Negros Occidental,Negros Occidental,,,,,Omsk,Омская область,,,,,,,,,,,,,,,,,,Ranong,จังหวัดระนอง,Kirsehir,Kirsehir,,,,,Wyoming,Sóc Trăng,Sóc Trăng
,,,,,,,,,,,,,,,,,,,,,,,,,,,,,,,,,,,,,,,,,,,,,,,,Negros Oriental,Negros Oriental,,,,,Orel,Орловская область,,,,,,,,,,,,,,,,,,Ratchaburi,จังหวัดราชบุรี,Kocaeli,Kocaeli,,,,,,Sơn La,Sơn La
,,,,,,,,,,,,,,,,,,,,,,,,,,,,,,,,,,,,,,,,,,,,,,,,North Cotabato,North Cotabato,,,,,Orenburg,Оренбургская область,,,,,,,,,,,,,,,,,,Rayong,จังหวัดระยอง,Konya,Konya,,,,,,Tây Ninh,Tây Ninh
,,,,,,,,,,,,,,,,,,,,,,,,,,,,,,,,,,,,,,,,,,,,,,,,Northern Samar,Northern Samar,,,,,Penza,Пензенская область,,,,,,,,,,,,,,,,,,Roi Et,ร้อยเอ็ด,Kütahya,Kütahya,,,,,,Thái Bình,Thái Bình
,,,,,,,,,,,,,,,,,,,,,,,,,,,,,,,,,,,,,,,,,,,,,,,,Nueva Ecija,Nueva Ecija,,,,,Perm',Пермская край,,,,,,,,,,,,,,,,,,Sa Kaeo,จังหวัดสระแก้ว,Malatya,Malatya,,,,,,Thái Nguyên,Thái Nguyên
,,,,,,,,,,,,,,,,,,,,,,,,,,,,,,,,,,,,,,,,,,,,,,,,Nueva Vizcaya,Nueva Vizcaya,,,,,Primor'ye,Приморский край,,,,,,,,,,,,,,,,,,Sakon Nakhon,จังหวัดสกลนคร,Manisa,Manisa,,,,,,Thanh Hóa,Thanh Hóa
,,,,,,,,,,,,,,,,,,,,,,,,,,,,,,,,,,,,,,,,,,,,,,,,Occidental Mindoro,Occidental Mindoro,,,,,Pskov,Псковская область,,,,,,,,,,,,,,,,,,Samut Prakan,จังหวัดสมุทรปราการ,Mardin,Mardin,,,,,,Thừa Thiên Huế,Thừa Thiên Huế
,,,,,,,,,,,,,,,,,,,,,,,,,,,,,,,,,,,,,,,,,,,,,,,,Oriental Mindoro,Oriental Mindoro,,,,,Rostov,Ростовская область,,,,,,,,,,,,,,,,,,Samut Sakhon,จังหวัดสมุทรสาคร,Mersin,Mersin,,,,,,Tiền Giang,Tiền Giang
,,,,,,,,,,,,,,,,,,,,,,,,,,,,,,,,,,,,,,,,,,,,,,,,Palawan,Palawan,,,,,Ryazan',Рязанская область,,,,,,,,,,,,,,,,,,Samut Songkhram,จังหวัดสมุทรสงคราม,Mugla,Mugla,,,,,,Trà Vinh,Trà Vinh
,,,,,,,,,,,,,,,,,,,,,,,,,,,,,,,,,,,,,,,,,,,,,,,,Pampanga,Pampanga,,,,,Sakha,Республика Саха,,,,,,,,,,,,,,,,,,Saraburi,จังหวัดสระบุรี,Mus,Mus,,,,,,Tuyên Quang,Tuyên Quang
,,,,,,,,,,,,,,,,,,,,,,,,,,,,,,,,,,,,,,,,,,,,,,,,Pangasinan,Pangasinan,,,,,Sakhalin,Сахалинская область,,,,,,,,,,,,,,,,,,Satun,จังหวัดสตูล,Nevsehir,Nevsehir,,,,,,Vĩnh Long,Vĩnh Long
,,,,,,,,,,,,,,,,,,,,,,,,,,,,,,,,,,,,,,,,,,,,,,,,Quezon,Quezon,,,,,Samara,Самарская область,,,,,,,,,,,,,,,,,,Si Sa Ket,จังหวัดศรีสะเกษ,Nigde,Nigde,,,,,,Vĩnh Phúc,Vĩnh Phúc
,,,,,,,,,,,,,,,,,,,,,,,,,,,,,,,,,,,,,,,,,,,,,,,,Quirino,Quirino,,,,,Saratov,Саратовская область,,,,,,,,,,,,,,,,,,Sing Buri,จังหวัดสิงห์บุรี,Ordu,Ordu,,,,,,Yên Bái,Yên Bái
,,,,,,,,,,,,,,,,,,,,,,,,,,,,,,,,,,,,,,,,,,,,,,,,Rizal,Rizal,,,,,Smolensk,Смоленская область,,,,,,,,,,,,,,,,,,Songkhla,จังหวัดสงขลา,Osmaniye,Osmaniye,,,,,,,
,,,,,,,,,,,,,,,,,,,,,,,,,,,,,,,,,,,,,,,,,,,,,,,,Romblon,Romblon,,,,,Stavropol',Ставропольский край,,,,,,,,,,,,,,,,,,Sukhothai,จังหวัดสุโขทัย,Rize,Rize,,,,,,,
,,,,,,,,,,,,,,,,,,,,,,,,,,,,,,,,,,,,,,,,,,,,,,,,Samar,Samar,,,,,Sverdlovsk,Свердловская область,,,,,,,,,,,,,,,,,,Suphan Buri,จังหวัดสุพรรณบุรี,Sakarya,Sakarya,,,,,,,
,,,,,,,,,,,,,,,,,,,,,,,,,,,,,,,,,,,,,,,,,,,,,,,,Sarangani,Sarangani,,,,,Tambov,Тамбовская область,,,,,,,,,,,,,,,,,,Surat Thani,จังหวัดสุราษฎร์ธานี,Samsun,Samsun,,,,,,,
,,,,,,,,,,,,,,,,,,,,,,,,,,,,,,,,,,,,,,,,,,,,,,,,Siquijor,Siquijor,,,,,Tatarstan,Республика Татарстан,,,,,,,,,,,,,,,,,,Surin,จังหวัดสุรินทร์,Sanliurfa,Sanliurfa,,,,,,,
,,,,,,,,,,,,,,,,,,,,,,,,,,,,,,,,,,,,,,,,,,,,,,,,Sorsogon,Sorsogon,,,,,Tomsk,Томская область,,,,,,,,,,,,,,,,,,Tak,จังหวัดตาก,Siirt,Siirt,,,,,,,
,,,,,,,,,,,,,,,,,,,,,,,,,,,,,,,,,,,,,,,,,,,,,,,,South Cotabato,South Cotabato,,,,,Tula,Тульская область,,,,,,,,,,,,,,,,,,Trang,จังหวัดตรัง,Sinop,Sinop,,,,,,,
,,,,,,,,,,,,,,,,,,,,,,,,,,,,,,,,,,,,,,,,,,,,,,,,Southern Leyte,Southern Leyte,,,,,Tuva,Республика Тыва,,,,,,,,,,,,,,,,,,Trat,จังหวัดตราด,Sirnak,Sirnak,,,,,,,
,,,,,,,,,,,,,,,,,,,,,,,,,,,,,,,,,,,,,,,,,,,,,,,,Sultan Kudarat,Sultan Kudarat,,,,,Tver',Тверская область,,,,,,,,,,,,,,,,,,Ubon Ratchathani,จังหวัดอุบลราชธานี,Sivas,Sivas,,,,,,,
,,,,,,,,,,,,,,,,,,,,,,,,,,,,,,,,,,,,,,,,,,,,,,,,Sulu,Sulu,,,,,Tyumen',Тюменская область,,,,,,,,,,,,,,,,,,Udon Thani,จังหวัดอุดรธานี,Tekirdag,Tekirdag,,,,,,,
,,,,,,,,,,,,,,,,,,,,,,,,,,,,,,,,,,,,,,,,,,,,,,,,Surigao del Norte,Surigao del Norte,,,,,Udmurt,Удмуртская Республика,,,,,,,,,,,,,,,,,,Uthai Thani,จังหวัดอุทัยธานี,Tokat,Tokat,,,,,,,
,,,,,,,,,,,,,,,,,,,,,,,,,,,,,,,,,,,,,,,,,,,,,,,,Surigao del Sur,Surigao del Sur,,,,,Ul'yanovsk,Ульяновская область,,,,,,,,,,,,,,,,,,Uttaradit,จังหวัดอุตรดิตถ์,Trabzon,Trabzon,,,,,,,
,,,,,,,,,,,,,,,,,,,,,,,,,,,,,,,,,,,,,,,,,,,,,,,,Tarlac,Tarlac,,,,,Vladimir,Владимирская область,,,,,,,,,,,,,,,,,,Yala,จังหวัดยะลา,Tunceli,Tunceli,,,,,,,
,,,,,,,,,,,,,,,,,,,,,,,,,,,,,,,,,,,,,,,,,,,,,,,,Tawi-Tawi,Tawi-Tawi,,,,,Volgograd,Волгоградская область,,,,,,,,,,,,,,,,,,Yasothon,จังหวัดยโสธร,Usak,Usak,,,,,,,
,,,,,,,,,,,,,,,,,,,,,,,,,,,,,,,,,,,,,,,,,,,,,,,,Zambales,Zambales,,,,,Vologda,Вологодская область,,,,,,,,,,,,,,,,,,,,Van,Van,,,,,,,
,,,,,,,,,,,,,,,,,,,,,,,,,,,,,,,,,,,,,,,,,,,,,,,,Zamboanga del Norte,Zamboanga del Norte,,,,,Voronezh,Воронежская область,,,,,,,,,,,,,,,,,,,,Yalova,Yalova,,,,,,,
,,,,,,,,,,,,,,,,,,,,,,,,,,,,,,,,,,,,,,,,,,,,,,,,Zamboanga del Sur,Zamboanga del Sur,,,,,Yamal-Nenets,Ямало-Ненецкий АОк,,,,,,,,,,,,,,,,,,,,Yozgat,Yozgat,,,,,,,
,,,,,,,,,,,,,,,,,,,,,,,,,,,,,,,,,,,,,,,,,,,,,,,,Zamboanga Sibugay,Zamboanga Sibugay,,,,,Yaroslavl',Ярославская область,,,,,,,,,,,,,,,,,,,,Zinguldak,Zinguldak,,,,,,,
,,,,,,,,,,,,,,,,,,,,,,,,,,,,,,,,,,,,,,,,,,,,,,,,,,,,,,Yevrey,Eврейская АОб,,,,,,,,,,,,,,,,,,,,,,,,,,,,
,,,,,,,,,,,,,,,,,,,,,,,,,,,,,,,,,,,,,,,,,,,,,,,,,,,,,,Zabaykal'ye,Забайкальский край,,,,,,,,,,,,,,,,,,,,,,,,,,,,